CLIENTE;CODIGO ITEM;DESCRIPCION ITEM;TIPO DOC;NRO. VA01/VA21;ESTADO ITEM;NRO. OC;FECHA RECEPCION;FECHA PICKING;FECHA CONTABILIZACION VL;F. ENTREGA esperada;Fecha emisión;GrupoCompra OC;Solped;Tipo Stock;Grupo compra material
00223 Comp Amb Santa Fe;1002621;FILTRO AIRE 1 XUN;ZPAS;1000081847;PICKEADO;;;46050;;46069;46049;;;ZSTO;F04
00223 Comp Amb Santa Fe;1002623;FILTRO AIRE 2 XUN;ZPAS;1000081847;PICKEADO;;;46050;;46069;46049;;;ZSTO;F04
00223 Comp Amb Santa Fe;1002750;FILTRO COMBUSTIBLE;ZPAS;1000081847;PICKEADO;;;46050;;16/2/2026;27/1/2026;;;ZSTO;F06
00223 Comp Amb Santa Fe;1003359;FILTROAIREACONDICIONADOCABINAINTERIOR;ZPAS;1000081847;PICKEADO;;;46050;;46069;46049;;;ZSTO;F10
00314 CASA Olavarría;1035250;GRASA COBREADA BOMBEABLE X 23 KG.;SIN PEDIDO;;;;;;;;;;;ZSCD;L01
00314 CASA Olavarría;1034448;ENTREDIENTES VOLVO 480;SIN PEDIDO;;;;;;;;;;;ZSTO;C04
00314 CASA Olavarría;1033185;SELLO O'RING;SIN PEDIDO;;;;;;;;;;;ZSTO;C03
00314 CASA Olavarría;1026196;PATIN DE CORREDERA BRONCE;ZPAN;1000081364;ADJUDICADO;4500118497;;;;3/2/2026;20/1/2026;C03;10140801;ZSTO;C03
00314 CASA Olavarría;1024678;ORING BALDE;ZPAN;1000080571;EMBALADO;4500117150;23/1/2026;23/1/2026;;23/1/2026;8/1/2026;C03;10139820;ZSTO;C03
00314 CASA Olavarría;1022839;CRUCETA;ZPAN;1000081363;SIN TRATAMIENTO;;;;;3/2/2026;20/1/2026;;10140800;ZSTO;C03
00314 CASA Olavarría;1022060;CUCHILLA LATERALES;ZPAS;1000081361;SIN TRATAMIENTO;;;;;3/2/2026;20/1/2026;;;ZSTO;G01
00314 CASA Olavarría;1022051;CUCHILLAS CENTRALES;ZPAS;1000081361;SIN TRATAMIENTO;;;;;3/2/2026;20/1/2026;;;ZSTO;G01
00314 CASA Olavarría;1017888;FILTRO COMBUSTIBLE;ZPAS;1000081970;SIN TRATAMIENTO;;;;;13/2/2026;29/1/2026;;;ZSTO;F06
00314 CASA Olavarría;1017882;FILTRO ADMISION SECUNDARIO;SIN PEDIDO;;;;;;;;;;;ZSTO;F04
00314 CASA Olavarría;1017879;Filtro Admision Primario;ZPAS;1000077284;DESPACHADO;;;7/11/2025;7/11/2025;26/11/2025;6/11/2025;;;ZSTO;F04
00314 CASA Olavarría;1016255;Filtro Admision Interior;ZPAS;1000078653;SIN TRATAMIENTO;;;;;15/1/2026;28/11/2025;;;ZSTO;F04
00314 CASA Olavarría;1003694;PIN STOP;ZPAS;1000081909;SIN TRATAMIENTO;;;;;13/2/2026;28/1/2026;;;ZSTO;C29
00314 CASA Olavarría;1003445;TOMA FUERZA XUN;ZPAN;1000079142;ADJUDICADO;4500115056;;;;22/2/2026;6/12/2025;C29;10137678;ZSTO;C29
00314 CASA Olavarría;1002922;FILTRO ACEITE TRANSMISIÓN DIFERENCIAL;SIN PEDIDO;;;;;;;;;;;ZSTO;F03
00314 CASA Olavarría;1002870;FILTRO ACEITE UNID. COMPRES.;ZPAS;1000079662;SIN TRATAMIENTO;;;;;15/1/2026;16/12/2025;;;ZSTO;F03
00314 CASA Olavarría;1002624;FILTRO GASOIL;ZPAS;1000081903;SIN TRATAMIENTO;;;;;13/2/2026;28/1/2026;;;ZSTO;F06
00314 CASA Olavarría;1002591;FILTRO DE COMBUSTIBLE PRINCIPAL XU;SIN PEDIDO;;;;;;;;;;;ZSTO;F06
00314 CASA Olavarría;1002339;PUNTA DAEMO CONICA X UN (GRUESA MART G;SIN PEDIDO;;;;;;;;;;;ZSTO;C29
00314 CASA Olavarría;1002321;TUERCA SEGMENTO X UN;ZPAS;1000081912;PICKEADO PARCIAL;;;;;13/2/2026;28/1/2026;;;ZSTO;G05
00314 CASA Olavarría;1002256;BULON SEGMENTO 25.4X50X6MM XUN;ZPAS;1000081912;PICKEADO PARCIAL;;;;;13/2/2026;28/1/2026;;;ZSTO;G05
00314 CASA Olavarría;1001834;CUBIERTA 265 65 17 DUELER A T 693;ZPAS;1000081361;SIN TRATAMIENTO;;;;;3/2/2026;20/1/2026;;;ZSTO;C47
00314 CASA Olavarría;1001917;ESCOBILLON PLASTICO SIN CABO;ZPAN;1000077191;RECEPCIONADO;4500113086;20/11/2025;;;25/1/2026;5/11/2025;C17;10135189;ZSTO;C17
00314 CASA Olavarría;1001726;SUSPENSION CREMALLERA;ZPAS;1000080124;EMBALADO;;;28/1/2026;;23/1/2026;26/12/2025;;;ZSTO;C28
00314 CASA Olavarría;1000041;BOTIQUIN 1ROS. AUXILIOS N 10;ZPAS;1000081577;PICKEADO PARCIAL;;;;;6/2/2026;23/1/2026;;;ZSTO;C28
00341 Mov. Suelos San Luis;1028006;KIT DE EMBRAGUE VW;ZPAN;1000080750;DESPACHADO;4500118011;23/1/2026;23/1/2026;28/1/2026;29/1/2026;9/1/2026;C03;10140023;ZSTO;C03
00341 Mov. Suelos San Luis;1027427;ACEITE CORENA S4 R46 X 20LTS;ZPAN;1000080750;DESPACHADO;4500117559;16/1/2026;16/1/2026;20/1/2026;29/1/2026;9/1/2026;C29;10140023;ZSCD;C29
00341 Mov. Suelos San Luis;1022713;COMPRESOR A/A;ZPAN;1000081318;ADJUDICADO;4500118512;;;;6/2/2026;19/1/2026;C03;10140761;ZSTO;C03
00341 Mov. Suelos San Luis;1013522;ACEITE DIFERENCIALES VOLVO97312 x 205LTS;ZPAN;1000081589;ADJUDICADO;4500118443;;;;12/2/2026;23/1/2026;C29;10141182;ZSCD;C29
00341 Mov. Suelos San Luis;1004244;ADAPTADOR XUN;ZPAS;1000080747;SIN TRATAMIENTO;;;;;29/1/2026;9/1/2026;;;ZSTO;C29
00341 Mov. Suelos San Luis;1003929;TORNILLO P PUNTERA XUN;ZPAS;1000081573;DESPACHADO;;;28/1/2026;28/1/2026;12/2/2026;23/1/2026;;;ZSTO;C29
00341 Mov. Suelos San Luis;1003356;FILTRO SEPAR ACEITE;ZPAS;1000080448;SIN TRATAMIENTO;;;;;30/1/2026;6/1/2026;;;ZSTO;F03
00341 Mov. Suelos San Luis;1016080;BOTIN CONW 53 BAF MARRON FLOR P.ACER N39;SIN PEDIDO;;;;;;;;;;;ZSCD;C28
00341 Mov. Suelos San Luis;1001727;PROTECTOR AUDITIVO COPA PARA CASCO;SIN PEDIDO;;;;;;;;;;;ZSTO;C28
00341 Mov. Suelos San Luis;1001699;CASCO CARCAZA BLANCO (LIBUS);ZPAS;1000081042;DESPACHADO;;;16/1/2026;20/1/2026;3/2/2026;14/1/2026;;;ZSTO;C28
00341 Mov. Suelos San Luis;1000043;BOTIQUIN 1ROS. AUXILIOS N 2;ZPAS;1000080636;DESPACHADO;;;22/1/2026;28/1/2026;28/1/2026;8/1/2026;;;ZSTO;C28
00365 RIO TINTO;1001679;FICHA T.STECK MACHO 220V 16A 2P T XUN;ZPAN;1000079207;ADJUDICADO;4500115309;;;;30/12/2025;9/12/2025;C11;10137731;ZSTO;C11
00365 RIO TINTO;1001788;ACEITE SAE  10W X 205L;SIN PEDIDO;;;;;;;;;;;ZSTO;L01
00365 RIO TINTO;1001848;KIT TECLADO MOUSE USB;ZPAN;1000081708;ADJUDICADO;4500118665;;;;16/2/2026;26/1/2026;C05;10141344;ZSTO;C05
00365 RIO TINTO;1001878;CINTA DE ENMASCARAR 48MM X ROLLO;ZPAN;1000081179;ADJUDICADO;4500118665;;;;6/2/2026;16/1/2026;C05;10140561;ZSTO;C17
00365 RIO TINTO;1002171;CORREA VENTILADOR XUN;ZPAN;1000080831;DESPACHADO;4500117686;23/1/2026;23/1/2026;28/1/2026;2/2/2026;12/1/2026;C29;10140109;ZSTO;C29
00365 RIO TINTO;1002186;CORREA VENTILADOR;SIN PEDIDO;;;;;;;;;;;ZSTO;C29
00365 RIO TINTO;1002298;TRABA PROT. RIPPER XUN;SIN PEDIDO;;;;;;;;;;;ZSTO;G05
00365 RIO TINTO;1002491;FILTRO ACEITE MOTOR;SIN PEDIDO;;;;;;;;;;;ZSTO;F03
00365 RIO TINTO;1002527;FILTRO AIRE CABINA;ZPAN;1000081708;SIN TRATAMIENTO;;;;;16/2/2026;26/1/2026;;10141344;ZSTO;F05
00365 RIO TINTO;1002606;FILTRO COMBUSTIBLE X UN;SIN PEDIDO;;;;;;;;;;;ZSTO;F06
00365 RIO TINTO;1002610;FILTRO AIRE SECUNDARIO;SIN PEDIDO;;;;;;;;;;;ZSTO;F04
00365 RIO TINTO;1002624;FILTRO GASOIL;SIN PEDIDO;;;;;;;;;;;ZSTO;F06
00365 RIO TINTO;1002628;FILTRO AIRE CABINA XUN;SIN PEDIDO;;;;;;;;;;;ZSTO;F05
00365 RIO TINTO;1002838;FILTRO ACEITE;ZPAS;1000081011;SIN TRATAMIENTO;;;;;28/1/2026;14/1/2026;;;ZSTO;F03
00365 RIO TINTO;1002988;FILTRO DE ACEITE (HIDRAULICO);ZPAN;1000080831;SIN TRATAMIENTO;;;;;2/2/2026;12/1/2026;;10140109;ZSTO;F03
00365 RIO TINTO;1003024;ELEMENTO FILTRO AIRE;ZPAS;1000080828;SIN TRATAMIENTO;;;;;26/1/2026;12/1/2026;;;ZSTO;F04
00365 RIO TINTO;1003025;ELEMENTO FILTRO AIRE;ZPAS;1000080828;SIN TRATAMIENTO;;;;;26/1/2026;12/1/2026;;;ZSTO;F04
00365 RIO TINTO;1003026;FILTRO SEPARADOR DE AGUA;ZPAN;1000081708;SIN TRATAMIENTO;;;;;16/2/2026;26/1/2026;;10141344;ZSTO;F13
00365 RIO TINTO;1003088;FILTRO AIRE;ZPAS;1000081011;SIN TRATAMIENTO;;;;;28/1/2026;14/1/2026;;;ZSTO;F04
00365 RIO TINTO;1003089;FILTRO DE CABINA;ZPAS;1000081011;SIN TRATAMIENTO;;;;;28/1/2026;14/1/2026;;;ZSTO;F05
00365 RIO TINTO;1003167;FILTRO TRAMPA DE AGUA;SIN PEDIDO;;;;;;;;;;;ZSTO;F13
00365 RIO TINTO;1003179;FILTRO DE TRANSMISION (CARTUCHO);SIN PEDIDO;;;;;;;;;;;ZSTO;F03
00365 RIO TINTO;1003215;FILTRO DE AIRE PRIMARIO;SIN PEDIDO;;;;;;;;;;;ZSTO;F04
00365 RIO TINTO;1003216;FILTRO DE AIRE SECUNDARIO;SIN PEDIDO;;;;;;;;;;;ZSTO;F04
00365 RIO TINTO;1003217;FILTRO DE COMBUSTIBLE;SIN PEDIDO;;;;;;;;;;;ZSTO;F06
00365 RIO TINTO;1003219;FILTRO VENTILACION DE CARTER;ZPAS;1000080828;SIN TRATAMIENTO;;;;;26/1/2026;12/1/2026;;;ZSTO;F04
00365 RIO TINTO;1003278;FILTRO DE ACEITE MOTOR;SIN PEDIDO;;;;;;;;;;;ZSTO;F03
00365 RIO TINTO;1003284;FILTRO DE AIRE PRIMARIO;ZPAN;1000080831;ADJUDICADO;4500117972;;;;2/2/2026;12/1/2026;C29;10140109;ZSTO;F04
00365 RIO TINTO;1003285;FILTRO DE AIRE SECUNDARIO;ZPAS;1000080828;SIN TRATAMIENTO;;;;;26/1/2026;12/1/2026;;;ZSTO;F04
00365 RIO TINTO;1015933;ACEITE ISO 46 HIDRAULICO BP46 x 205L;SIN PEDIDO;;;;;;;;;;;ZSCD;C29
00365 RIO TINTO;1016700;HC119AIRE ACONDICIONADO;ZPAN;1000078730;SIN TRATAMIENTO;;;;;22/12/2025;1/12/2025;;10137152;ZSSD;AGV
00365 RIO TINTO;1018107;Filtro Cabina Exterior;ZPAN;1000080831;SIN TRATAMIENTO;;;;;2/2/2026;12/1/2026;;10140109;ZSTO;F05
00365 RIO TINTO;1018257;FILTRO TRANSMISION;SIN PEDIDO;;;;;;;;;;;ZSTO;F03
00365 RIO TINTO;1018449;EX021 FILTRO COMBUSTIBLE;SIN PEDIDO;;;;;;;;;;;ZSSD;C03
00365 RIO TINTO;1018497;FILTRO COMBUSTIBLE;SIN PEDIDO;;;;;;;;;;;ZSSD;C29
00365 RIO TINTO;1018590;FILTRO ACEITE MOTOR;ZPAN;1000081012;DESPACHADO;4500117972;24/1/2026;24/1/2026;28/1/2026;4/2/2026;14/1/2026;C29;10140342;ZSSD;AGV
00365 RIO TINTO;1018855;FILTRO COLADOR TANQUE DE COMBUSTIBLE;SIN PEDIDO;;;;;;;;;;;ZSSD;C29
00365 RIO TINTO;1018856;CORREA DE COMPRESOR A/A;SIN PEDIDO;;;;;;;;;;;ZSSD;AGV
00365 RIO TINTO;1018857;CORREA DEL VENTILADOR;SIN PEDIDO;;;;;;;;;;;ZSSD;AGV
00365 RIO TINTO;1018869;CANTONERA HENSLEY;ZPAN;1000078678;SIN TRATAMIENTO;;;;;13/12/2025;29/11/2025;;10137088;ZSSD;AGV
00365 RIO TINTO;1018911;FILTRO COLADOR COMBUSTIBLE;SIN PEDIDO;;;;;;;;;;;ZSSD;AGV
00365 RIO TINTO;1025997;FILTRO HIDRAULICO;SIN PEDIDO;;;;;;;;;;;ZSSD;C29
00365 RIO TINTO;1025998;FILTRO HIDRAULICO;SIN PEDIDO;;;;;;;;;;;ZSSD;C29
00365 RIO TINTO;1027021;Aceite Caja de Engranaje 85W90 GL-5;SIN PEDIDO;;;;;;;;;;;ZSTO;C29
00365 RIO TINTO;1028117;FILTRO CABINA A/A;ZPAN;1000080831;SIN TRATAMIENTO;;;;;2/2/2026;12/1/2026;;10140109;ZSSD;C29
00365 RIO TINTO;1028119;FILTRO HIDRAULICO DE SUCCION;ZPAN;1000080954;SIN TRATAMIENTO;;;;;3/2/2026;13/1/2026;;10140236;ZSSD;C29
00365 RIO TINTO;1028148;FILTRO TANQUE COMBUSTIBLE DEF;SIN PEDIDO;;;;;;;;;;;ZSSD;C29
00365 RIO TINTO;1028154;FILTRO HIDRAULICO;ZPAN;1000075635;ADJUDICADO;4500111339;;;;24/10/2025;10/10/2025;AGV;10133129;ZSSD;C29
00365 RIO TINTO;1028164;DIENTE BALDE TEREX;ZPAN;1000078676;SIN TRATAMIENTO;;;;;13/12/2025;29/11/2025;;10137086;ZSSD;C29
00365 RIO TINTO;1029692;FILTRO DE ACEITE DE LA TRANSMISION;ZPAN;1000078673;SIN TRATAMIENTO;;;;;13/12/2025;29/11/2025;;10137085;ZSTO;C29
00365 RIO TINTO;1029693;FILTRO DE SUCCION;ZPAN;1000078673;SIN TRATAMIENTO;;;;;13/12/2025;29/11/2025;;10137085;ZSTO;C29
00365 RIO TINTO;1030025;FILTRO TRAMPA DE AGUA;ZPAN;1000075635;SIN TRATAMIENTO;;;;;24/10/2025;10/10/2025;;10133129;ZSSD;AGV
00365 RIO TINTO;1030030;FILTRO AIRE TANQUE HIDRAULICO;ZPAN;1000075635;SIN TRATAMIENTO;;;;;24/10/2025;10/10/2025;;10133129;ZSSD;AGV
00365 RIO TINTO;1034629;JUNTA TAPA PRINCIPAL;SIN PEDIDO;;;;;;;;;;;ZSTO;C29
00365 RIO TINTO;1041673;DIENTE DERECHO AGUILON;SIN PEDIDO;;;;;;;;;;;ZSTO;AGV
00365 RIO TINTO;1041674;DIENTE IZQUIERDO AGUILON;SIN PEDIDO;;;;;;;;;;;ZSTO;AGV
00365 RIO TINTO;1041677;FILTRO CABINA TEREX;ZPAN;1000078730;SIN TRATAMIENTO;;;;;22/12/2025;1/12/2025;;10137152;ZSTO;AGV
00365 RIO TINTO;1042714;FILTRO AIRE PRIMARIO ADMISION;SIN PEDIDO;;;;;;;;;;;ZSTO;C29
00365 RIO TINTO;1042746;FILTRO AIRE FRESCO A/A;ZPAN;1000078599;ADJUDICADO;4500114568;;;;5/1/2026;28/11/2025;C35;10137027;ZSTO;C29
00365 RIO TINTO;1042753;FILTRO COLADOR TANQUE COMBUSTIBLE;ZPAN;1000078599;ADJUDICADO;4500114568;;;;5/1/2026;28/11/2025;C35;10137027;ZSTO;AGV
00365 RIO TINTO;1042779;CORREA ALTERNADOR;SIN PEDIDO;;;;;;;;;;;ZSTO;AGV
00365 RIO TINTO;1042787;FILTRO TRANSMISION;ZPAN;1000078730;ADJUDICADO;4500116346;;;;22/12/2025;1/12/2025;AGV;10137152;ZSTO;AGV
00365 RIO TINTO;1047054;CORREA ALTERNADOR;ZPAN;1000078730;SIN TRATAMIENTO;;;;;22/12/2025;1/12/2025;;10137152;ZSTO;AGV
00365 RIO TINTO;1047055;CORREA DE COMPRESOR A/A;ZPAN;1000078730;SIN TRATAMIENTO;;;;;22/12/2025;1/12/2025;;10137152;ZSTO;AGV
00365 RIO TINTO;1047058;ELEMENTO FILTRANTE KOBELCO;ZPAN;1000078730;SIN TRATAMIENTO;;;;;22/12/2025;1/12/2025;;10137152;ZSTO;AGV
00365 RIO TINTO;1047059;FILTRO HIDRAULICO DE RETORNO KOBELCO;ZPAN;1000081179;SIN TRATAMIENTO;;;;;6/2/2026;16/1/2026;;10140561;ZSTO;AGV
00365 RIO TINTO;1048380;FILTRO DE AIRE;ZPAN;1000080831;SIN TRATAMIENTO;;;;;2/2/2026;12/1/2026;;10140109;ZSTO;AGV
00365 RIO TINTO;1048501;FILTRO PRIMARIO;SIN PEDIDO;;;;;;;;;;;ZSTO;
00365 RIO TINTO;1048502;Filtro Secundario Admision;SIN PEDIDO;;;;;;;;;;;ZSTO;
00365 RIO TINTO;1048505;CORREA A/A;SIN PEDIDO;;;;;;;;;;;ZSTO;
00365 RIO TINTO;1048506;FILTRO DE CABINA;SIN PEDIDO;;;;;;;;;;;ZSTO;
00365 RIO TINTO;1048886;FILTRO AIRE PRIMARIO ADMISION;ZPAN;1000080954;SIN TRATAMIENTO;;;;;3/2/2026;13/1/2026;;10140236;ZSTO;C29
00365 RIO TINTO;1048887;CORREA VENTILADOR;ZPAN;1000080954;ADJUDICADO;4500117692;;;;3/2/2026;13/1/2026;C29;10140236;ZSTO;C29
00368-YPF Acueducto TBH;1001706;GUANTE LATEX USO MEDICINAL CAJA X 100 UN;ZPAS;1000081024;SIN TRATAMIENTO;;;;;3/2/2026;14/1/2026;;;ZSTO;C28
00368-YPF Acueducto TBH;1001876;CINTA EMBALAR TRANSPARENTE 48MM X 100 MT;ZPAS;1000079078;SIN TRATAMIENTO;;;;;31/1/2026;5/12/2025;;;ZSTO;C17
00368-YPF Acueducto TBH;1001880;MARCADOR INDUSTRIAL - AZUL UNIPAINT X UN;ZPAS;1000080601;SIN TRATAMIENTO;;;;;28/1/2026;8/1/2026;;;ZSTO;C17
00368-YPF Acueducto TBH;1001993;ELECTRODO AWS7018 X 3,25 MM X KG;ZPAN;1000081940;SIN TRATAMIENTO;;;;;17/2/2026;28/1/2026;;10141642;ZSTO;C13
00368-YPF Acueducto TBH;1001994;ELECTRODO AWS7018 X 2,50 MM X KG;ZPAN;1000081940;SIN TRATAMIENTO;;;;;17/2/2026;28/1/2026;;10141642;ZSTO;C13
00368-YPF Acueducto TBH;1002006;CAMISA JEAN T.50 C LOGO;ZPAS;1000080601;SIN TRATAMIENTO;;;;;28/1/2026;8/1/2026;;;ZSTO;C28
00368-YPF Acueducto TBH;1002544;FILTRO TRAMPA AGUA;ZPAS;1000081845;SIN TRATAMIENTO;;;;;16/2/2026;27/1/2026;;;ZSTO;F13
00368-YPF Acueducto TBH;1003093;FILTRO DE COMBUSTIBLE;ZPAS;1000080948;SIN TRATAMIENTO;;;;;2/2/2026;13/1/2026;;;ZSTO;F06
00368-YPF Acueducto TBH;1003095;FILTRO TRAMPA DE AGUA COMBUSTIBLE;ZPAS;1000080948;SIN TRATAMIENTO;;;;;2/2/2026;13/1/2026;;;ZSTO;F13
00368-YPF Acueducto TBH;1003096;FILTRO DE AIRE TANQUE DE COMBUSTIBLE;ZPAS;1000081176;SIN TRATAMIENTO;;;;;5/2/2026;16/1/2026;;;ZSTO;F06
00368-YPF Acueducto TBH;1003119;FILTRO DE AIRE PRIMARIO;ZPAS;1000081176;SIN TRATAMIENTO;;;;;5/2/2026;16/1/2026;;;ZSTO;F04
00368-YPF Acueducto TBH;1003182;FILTRO GASOIL;ZPAS;1000079078;SIN TRATAMIENTO;;;;;31/1/2026;5/12/2025;;;ZSTO;F06
00368-YPF Acueducto TBH;1003341;FILTRO SECADOR AIRE;ZPAS;1000080507;SIN TRATAMIENTO;;;;;31/1/2026;7/1/2026;;;ZSTO;F11
00368-YPF Acueducto TBH;1003343;FILTRO COMBUSTIBLE;ZPAS;1000080507;SIN TRATAMIENTO;;;;;31/1/2026;7/1/2026;;;ZSTO;F06
00368-YPF Acueducto TBH;1017008;ADHESIVO SINTETICO 50GR;ZPAN;1000081873;SIN TRATAMIENTO;;;;;17/2/2026;28/1/2026;;10141566;ZSSD;C17
00368-YPF Acueducto TBH;1017066;BALIZA TIPO DESTELLANTE 1000HS;ZPAN;1000081381;ADJUDICADO;4500118705;;;;9/2/2026;20/1/2026;C28;10140821;ZSSD;C28
00368-YPF Acueducto TBH;1026174;"JUEGO ESCOBILLAS VW AMAROK 24""";ZPAN;1000081177;DESPACHADO;4500118076;23/1/2026;23/1/2026;28/1/2026;5/2/2026;16/1/2026;C03;10140559;ZSTO;C03
00368-YPF Acueducto TBH;1027855;KIT POLI-V AMAROK;ZPAN;1000081381;DESPACHADO;4500118344;26/1/2026;26/1/2026;28/1/2026;9/2/2026;20/1/2026;C03;10140821;ZSTO;C03
00368-YPF Acueducto TBH;1034133;ESLINGA SINTET. 3TN X 2 MTS. CERTIFICADA;ZPAN;1000081594;ADJUDICADO;4500118355;;;;12/2/2026;23/1/2026;C27;10141186;ZSCD;C27
00372 UTE 372 GEO POSCO II;1001823;ACEITE F50 5W40 X 20 L;ZPAN;1000081713;ADJUDICADO;4500118640;;;;16/2/2026;26/1/2026;L01;10141348;ZSTO;L01
00372 UTE 372 GEO POSCO II;1017046;CEPILLO VIOLIN P LAVAR COCHES;ZPAN;1000081874;SIN TRATAMIENTO;;;;;19/2/2026;28/1/2026;;10141567;ZSSD;C17
00372 UTE 372 GEO POSCO II;1046208;CABEZAL SOPLETE P/CARTU GAS BUTANO 227GR;MOVIMIENTO PENDIENTE 315;;;;;;;;;;;ZSCD;C27
00372 UTE 372 GEO POSCO II;1000020;FILTRO DE CABINA;ZPAN;1000081344;PICKEADO;4500118439;28/1/2026;28/1/2026;;10/2/2026;20/1/2026;F05;10140781;ZSTO;F05
00372 UTE 372 GEO POSCO II;1001693;MENTONERA BANDA ELASTICA;ZPAN;1000081713;SIN TRATAMIENTO;;;;;16/2/2026;26/1/2026;;10141348;ZSTO;C28
00372 UTE 372 GEO POSCO II;1001726;SUSPENSION CREMALLERA;ZPAN;1000081175;ADJUDICADO;4500118365;;;;6/2/2026;16/1/2026;C28;10140558;ZSTO;C28
00372 UTE 372 GEO POSCO II;1001755;BOTIN MARRON/NEGRO FLOR P.ACERO N 39;ZPAN;1000081174;ADJUDICADO;4500118365;;;;20/2/2026;16/1/2026;C28;10140557;ZSTO;C28
00372 UTE 372 GEO POSCO II;1001783;ACEITE HIDRAULICO X 205L;ZPAN;1000081382;PICKEADO;4500118097;28/1/2026;28/1/2026;;10/2/2026;20/1/2026;L01;10140822;ZSTO;L01
00372 UTE 372 GEO POSCO II;1001786;ACEITE ISO 46 HIDRAULICO  X 205L;ZPAN;1000081525;ADJUDICADO;4500118426;;;;12/2/2026;22/1/2026;L01;10141096;ZSTO;L01
00372 UTE 372 GEO POSCO II;1001815;AGUA DESMINERALIZADA X 20L;ZPAN;1000081344;DESPACHADO;4500118101;23/1/2026;23/1/2026;28/1/2026;10/2/2026;20/1/2026;L02;10140781;ZSTO;L02
00372 UTE 372 GEO POSCO II;1001834;CUBIERTA 265 65 17 DUELER A T 693;ZPAN;1000079872;PICKEADO;4500115954;28/1/2026;28/1/2026;;2/2/2026;19/12/2025;C47;10138730;ZSTO;C47
00372 UTE 372 GEO POSCO II;1002385;UNA;ZPAN;1000081279;ADJUDICADO;4500118057;;;;9/2/2026;19/1/2026;G04;10140700;ZSTO;G04
00372 UTE 372 GEO POSCO II;1002925;FILTRO AIRE PRIMARIO;ZPAN;1000081382;PICKEADO;4500118439;28/1/2026;28/1/2026;;10/2/2026;20/1/2026;F05;10140822;ZSTO;F04
00372 UTE 372 GEO POSCO II;1002996;FILTRO RESP DE TANQUE;ZPAN;1000079814;RECEPCIONADO;4500115901;23/1/2026;23/1/2026;28/1/2026;1/1/2026;18/12/2025;F07;10138654;ZSTO;F04
00372 UTE 372 GEO POSCO II;1004042;LAMPARA 24V-H7 70W X UN;ZPAN;1000081014;EMBALADO;4500117891;21/1/2026;27/1/2026;;4/2/2026;14/1/2026;C03;10140344;ZSTO;C29
00372 UTE 372 GEO POSCO II;1016942;BIBLIORATO PVC A4 LOMO ANCHO;ZPAN;1000081525;SIN TRATAMIENTO;;;;;12/2/2026;22/1/2026;;10141096;ZSSD;C17
00372 UTE 372 GEO POSCO II;1034629;JUNTA TAPA PRINCIPAL;SIN PEDIDO;;;;;;;;;;;ZSTO;C29
00372 UTE 372 GEO POSCO II;1042129;CAMISA JEAN T.40;ZPAN;1000081174;ADJUDICADO;4500118365;;;;20/2/2026;16/1/2026;C28;10140557;ZSCD;C28
00374 TERMINAL PUNTA COLORADA;1000041;BOTIQUIN 1ROS. AUXILIOS N 10;ZPAS;1000080945;DESPACHADO;;;29/1/2026;29/1/2026;2/2/2026;13/1/2026;;;ZSTO;C28
00374 TERMINAL PUNTA COLORADA;1001673;ALAMBRE 1.42MM NEGRO RECOCIDO P ATAR XKG;ZPAS;1000081977;SIN TRATAMIENTO;;;;;18/2/2026;29/1/2026;;;ZSTO;C08
00374 TERMINAL PUNTA COLORADA;1001681;FICHA T.STECK MACHO 380V 32A T N XUN;ZPAS;1000081597;DESPACHADO;;;26/1/2026;27/1/2026;12/2/2026;23/1/2026;;;ZSTO;C11
00374 TERMINAL PUNTA COLORADA;1001683;RESPIRADOR PARA POLVOSTIPON95CAJAX20UN;ZPAS;1000081714;DESPACHADO;;;28/1/2026;29/1/2026;13/2/2026;26/1/2026;;;ZSTO;C28
00374 TERMINAL PUNTA COLORADA;1001686;ANTEOJO GRIS ECOLINEHC;ZPAS;1000080850;DESPACHADO PARCIAL;;;14/1/2026;27/1/2026;30/1/2026;12/1/2026;;;ZSTO;C28
00374 TERMINAL PUNTA COLORADA;1001696;POLAINA DESCARNE;ZPAS;1000081714;DESPACHADO;;;28/1/2026;29/1/2026;13/2/2026;26/1/2026;;;ZSTO;C28
00374 TERMINAL PUNTA COLORADA;1001699;CASCO CARCAZA BLANCO (LIBUS);ZPAS;1000081015;DESPACHADO;;;16/1/2026;27/1/2026;3/2/2026;14/1/2026;;;ZSTO;C28
00374 TERMINAL PUNTA COLORADA;1001710;CINTA DEMARCAR PELIGRO ECOLOGICA;ZPAS;1000081073;DESPACHADO;;;16/1/2026;27/1/2026;4/2/2026;15/1/2026;;;ZSTO;C28
00374 TERMINAL PUNTA COLORADA;1001718;RODILLERA SOLDADOR;ZPAS;1000081876;SIN TRATAMIENTO;;;;;17/2/2026;28/1/2026;;;ZSTO;C28
00374 TERMINAL PUNTA COLORADA;1001774;ESLINGA SINTETICA 4MTS 4TN CERTIFICADA;ZPAS;1000081170;DESPACHADO;;;19/1/2026;23/1/2026;5/2/2026;16/1/2026;;;ZSTO;C13
00374 TERMINAL PUNTA COLORADA;1001775;ESLINGA SINTETICA 8MTS 6TN CERTIFICADA;SIN PEDIDO;;;;;;;;;;;ZSTO;C13
00374 TERMINAL PUNTA COLORADA;1001776;ESLINGA SINTETICA 3MTS 3TN CERTIFICADA;ZPAS;1000081170;DESPACHADO;;;19/1/2026;23/1/2026;5/2/2026;16/1/2026;;;ZSTO;C13
00374 TERMINAL PUNTA COLORADA;1001880;MARCADOR INDUSTRIAL - AZUL UNIPAINT X UN;ZPAS;1000080850;DESPACHADO;;;14/1/2026;27/1/2026;30/1/2026;12/1/2026;;;ZSTO;C17
00374 TERMINAL PUNTA COLORADA;1001881;MARCADOR INDUSTRIAL - ROJO UNIPAINT X UN;ZPAS;1000080512;CUMPLIDO PARCIAL;;;9/1/2026;15/1/2026;27/1/2026;7/1/2026;;;ZSTO;C17
00374 TERMINAL PUNTA COLORADA;1001895;ALCOHOL LIQUIDO X LITRO;ZPAS;1000081597;DESPACHADO;;;26/1/2026;27/1/2026;12/2/2026;23/1/2026;;;ZSTO;C17
00374 TERMINAL PUNTA COLORADA;1001943;ADHESIVO CIANO 20 G XUN;ZPAS;1000081170;DESPACHADO;;;19/1/2026;23/1/2026;5/2/2026;16/1/2026;;;ZSTO;C13
00374 TERMINAL PUNTA COLORADA;1001949;CANDADO 30MM XUN;ZPAS;1000081597;DESPACHADO;;;29/1/2026;29/1/2026;12/2/2026;23/1/2026;;;ZSTO;C13
00374 TERMINAL PUNTA COLORADA;1001950;CANDADO 40MM XUN;ZPAS;1000081597;DESPACHADO;;;26/1/2026;27/1/2026;12/2/2026;23/1/2026;;;ZSTO;C13
00374 TERMINAL PUNTA COLORADA;1001955;SELLADOR DE SILICONA TRANSP;SIN PEDIDO;;;;;;;;;;;ZSTO;C13
00374 TERMINAL PUNTA COLORADA;1001959;CINTA TEFLON 3/4 X 20MT;ZPAS;1000080850;DESPACHADO;;;14/1/2026;27/1/2026;30/1/2026;12/1/2026;;;ZSTO;C13
00374 TERMINAL PUNTA COLORADA;1001988;ELECTRODO AWS6013 X 3,25MM X KG;ZPAS;1000080945;DESPACHADO;;;14/1/2026;27/1/2026;2/2/2026;13/1/2026;;;ZSTO;C13
00374 TERMINAL PUNTA COLORADA;1001994;ELECTRODO AWS7018 X 2,50 MM X KG;ZPAS;1000081170;DESPACHADO PARCIAL;;;22/1/2026;23/1/2026;5/2/2026;16/1/2026;;;ZSTO;C13
00374 TERMINAL PUNTA COLORADA;1002000;CAMISA JEAN T.38 C LOGO;ZPAS;1000081283;DESPACHADO;;;20/1/2026;23/1/2026;6/2/2026;19/1/2026;;;ZSTO;C28
00374 TERMINAL PUNTA COLORADA;1002001;CAMISA JEAN T.40 C LOGO;ZPAS;1000081597;DESPACHADO;;;26/1/2026;27/1/2026;12/2/2026;23/1/2026;;;ZSTO;C28
00374 TERMINAL PUNTA COLORADA;1002298;TRABA PROT. RIPPER XUN;ZPAS;1000081448;DESPACHADO;;;22/1/2026;23/1/2026;10/2/2026;21/1/2026;;;ZSTO;G05
00374 TERMINAL PUNTA COLORADA;1002309;PROTECTOR ESCARIFICADOR X UN;ZPAS;1000081015;DESPACHADO;;;16/1/2026;27/1/2026;3/2/2026;14/1/2026;;;ZSTO;G04
00374 TERMINAL PUNTA COLORADA;1002364;TRABA PARA DIENTE X UN;ZPAS;1000081170;DESPACHADO;;;19/1/2026;23/1/2026;5/2/2026;16/1/2026;;;ZSTO;G05
00374 TERMINAL PUNTA COLORADA;1002378;TRABA BALDE TRAS;ZPAS;1000081170;DESPACHADO;;;19/1/2026;23/1/2026;5/2/2026;16/1/2026;;;ZSTO;G05
00374 TERMINAL PUNTA COLORADA;1002908;FILTRO TRANSIMISION HIDRAULICO XUN;ZPAS;1000080850;DESPACHADO;;;14/1/2026;27/1/2026;30/1/2026;12/1/2026;;;ZSTO;F07
00374 TERMINAL PUNTA COLORADA;1003027;ELEMENTO FILTRO DE ACEITE;ZPAS;1000080464;EMBALADO PARCIAL;;;28/1/2026;;26/1/2026;6/1/2026;;;ZSTO;F03
00374 TERMINAL PUNTA COLORADA;1003669;PIN PIN STOP;ZPAN;1000078824;ADJUDICADO;4500114939;;;;23/12/2025;2/12/2025;C29;10137256;ZSTO;C29
00374 TERMINAL PUNTA COLORADA;1003670;PIN PIN CHISEL;SIN PEDIDO;;;;;;;;;;;ZSTO;C29
00374 TERMINAL PUNTA COLORADA;1003674;CHISEL (W P);SIN PEDIDO;;;;;;;;;;;ZSTO;C29
00374 TERMINAL PUNTA COLORADA;1003675;CHISEL (C P);SIN PEDIDO;;;;;;;;;;;ZSTO;C29
00374 TERMINAL PUNTA COLORADA;1003724;AMORTIGUADOR TRASERO DERECHO;ZPAS;1000081883;DESPACHADO;;;28/1/2026;29/1/2026;17/2/2026;28/1/2026;;;ZSTO;C29
00374 TERMINAL PUNTA COLORADA;1003725;AMORTIGUADOR TRASERO IZQUIERDO;ZPAS;1000081883;DESPACHADO;;;28/1/2026;29/1/2026;17/2/2026;28/1/2026;;;ZSTO;C29
00374 TERMINAL PUNTA COLORADA;1004044;ALARMA RETROCESO (INTELIGENTE);ZPAS;1000081977;SIN TRATAMIENTO;;;;;18/2/2026;29/1/2026;;;ZSTO;C29
00374 TERMINAL PUNTA COLORADA;1015801;GUANTES LATEX TALLE M;ZPAN;1000081173;ADJUDICADO;4500118321;;;;5/2/2026;16/1/2026;374;10140556;ZSSD;C17
00374 TERMINAL PUNTA COLORADA;1015866;TRAPO DE PISO X UN;ZPAN;1000081284;ADJUDICADO;4500118321;;;;6/2/2026;19/1/2026;374;10140707;ZSSD;C17
00374 TERMINAL PUNTA COLORADA;1016193;CUBIERTA 245/65 R17 111T;ZPAS;1000081073;DESPACHADO;;;16/1/2026;27/1/2026;4/2/2026;15/1/2026;;;ZSTO;C47
00374 TERMINAL PUNTA COLORADA;1016413;UÑA (INCLUYE TRABA);ZPAS;1000081523;DESPACHADO PARCIAL;;;23/1/2026;27/1/2026;11/2/2026;22/1/2026;;;ZSTO;G04
00374 TERMINAL PUNTA COLORADA;1016894;MAMELUCO DE CLAMINADOL XXL 60GR BLANCO;ZPAS;1000080618;DESPACHADO;;;22/1/2026;23/1/2026;28/1/2026;8/1/2026;;;ZSTO;C28
00374 TERMINAL PUNTA COLORADA;1016922;CHOCLA 30MT;ZPAN;1000080465;ADJUDICADO;4500116922;;;;26/1/2026;6/1/2026;C27;10139652;ZSSD;C13
00374 TERMINAL PUNTA COLORADA;1016927;CLAVERA SIMPLE;ZPAN;1000081878;SIN TRATAMIENTO;;;;;17/2/2026;28/1/2026;;10141570;ZSSD;C13
00374 TERMINAL PUNTA COLORADA;1016931;CARRETILLA 75LT REFORZADA C RUEDA NEUMAT;ZPAS;1000078910;SIN TRATAMIENTO;;;;;24/12/2025;3/12/2025;;;ZSSD;C13
00374 TERMINAL PUNTA COLORADA;1016935;MARTILLO GALPONERO CABO PLASTICO;ZPAN;1000080944;ADJUDICADO;4500117807;;;;2/2/2026;13/1/2026;C27;10140229;ZSSD;C13
00374 TERMINAL PUNTA COLORADA;1016964;RESALTADOR AMARILLO PUNTA CHANFLEADA;ZPAN;1000081598;ADJUDICADO;4500118515;;;;12/2/2026;23/1/2026;374;10141189;ZSSD;C17
00374 TERMINAL PUNTA COLORADA;1016968;PERFORADORA MET MIT 20-25 HJ C REGLA;ZPAN;1000081978;SIN TRATAMIENTO;;;;;18/2/2026;29/1/2026;;10141660;ZSSD;C17
00374 TERMINAL PUNTA COLORADA;1017002;PILA ALCALINA AAA;ZPAN;1000081715;ADJUDICADO;4500118558;;;;13/2/2026;26/1/2026;374;10141349;ZSSD;C13
00374 TERMINAL PUNTA COLORADA;1017005;CADENA PLASTICA ROJA Y BLANCA X ML;ZPAN;1000081076;ADJUDICADO;4500117681;;;;4/2/2026;15/1/2026;C28;10140448;ZSSD;C28
00374 TERMINAL PUNTA COLORADA;1017019;ABROCHADORA PINZA N10;ZPAN;1000081715;ADJUDICADO;4500118515;;;;13/2/2026;26/1/2026;374;10141349;ZSSD;C17
00374 TERMINAL PUNTA COLORADA;1017030;CINTA AISLADORA AZUL ( GENERICO );ZPAN;1000080854;ADJUDICADO;4500117528;;;;30/1/2026;12/1/2026;C27;10140127;ZSSD;C13
00374 TERMINAL PUNTA COLORADA;1017083;PILA ALCALINA AA;ZPAN;1000081878;SIN TRATAMIENTO;;;;;17/2/2026;28/1/2026;;10141570;ZSSD;C13
00374 TERMINAL PUNTA COLORADA;1017084;CEPILLO ACERO 4X19 C MANGO MADERA;ZPAN;1000081173;CUMPLIDO PARCIAL;4500117843;26/1/2026;26/1/2026;26/1/2026;5/2/2026;16/1/2026;C27;10140556;ZSSD;C13
00374 TERMINAL PUNTA COLORADA;1017090;ESPATULA METALICA 3PG;ZPAN;1000081384;ADJUDICADO;4500118293;;;;9/2/2026;20/1/2026;C27;10140823;ZSSD;C13
00374 TERMINAL PUNTA COLORADA;1017149;BARRETA SACACLAVOS 19X600;ZPAN;1000081878;SIN TRATAMIENTO;;;;;17/2/2026;28/1/2026;;10141570;ZSSD;C13
00374 TERMINAL PUNTA COLORADA;1017202;PINZA PICO DE LORO 10PG;ZPAN;1000081878;SIN TRATAMIENTO;;;;;17/2/2026;28/1/2026;;10141570;ZSSD;C13
00374 TERMINAL PUNTA COLORADA;1017203;PINZA PICO DE LORO 8PG;ZPAN;1000081878;SIN TRATAMIENTO;;;;;17/2/2026;28/1/2026;;10141570;ZSSD;C13
00374 TERMINAL PUNTA COLORADA;1017974;LIMPIACONTACTOS EN AEROSOL;ZPAS;1000081170;DESPACHADO;;;19/1/2026;23/1/2026;5/2/2026;16/1/2026;;;ZSTO;C17
00374 TERMINAL PUNTA COLORADA;1022227;AMORTIGUADOR DELANTERO;ZPAS;1000081883;EMBALADO;;;28/1/2026;;17/2/2026;28/1/2026;;;ZSTO;C03
00374 TERMINAL PUNTA COLORADA;1025947;ESCOBA DE PLASTICO;ZPAN;1000081598;ADJUDICADO;4500118525;;;;12/2/2026;23/1/2026;374;10141189;ZSSD;C17
00374 TERMINAL PUNTA COLORADA;1025949;MECHA ACERO RAPIDO D10 MM;ZPAN;1000081878;SIN TRATAMIENTO;;;;;17/2/2026;28/1/2026;;10141570;ZSSD;C13
00374 TERMINAL PUNTA COLORADA;1025950;MECHA ACERO RAPIDO D6 MM;ZPAN;1000081878;SIN TRATAMIENTO;;;;;17/2/2026;28/1/2026;;10141570;ZSSD;C13
00374 TERMINAL PUNTA COLORADA;1025951;MECHA ACERO RAPIDO D8 MM;ZPAN;1000081878;SIN TRATAMIENTO;;;;;17/2/2026;28/1/2026;;10141570;ZSSD;C13
00374 TERMINAL PUNTA COLORADA;1029977;GRASA BECHEM HIGH - LUB LM 2EP;ZPAN;1000078407;INCOMPLETO;;;;;17/12/2025;26/11/2025;;10136757;ZSTO;L01
00374 TERMINAL PUNTA COLORADA;1036100;CONO FLEX. C/REFLECT. Y BASE CAUCHO 70CM;ZPAS;1000081073;DESPACHADO;;;16/1/2026;27/1/2026;4/2/2026;15/1/2026;;;ZSTO;C28
00374 TERMINAL PUNTA COLORADA;1041530;PRECINTO PLASTICO AL-2 X 104MM X 100UN;ZPAN;1000081878;SIN TRATAMIENTO;;;;;17/2/2026;28/1/2026;;10141570;ZSSD;C27
00374 TERMINAL PUNTA COLORADA;1041725;"CUCHILLA (7′ X 8″ X 5/8″) X 15 Aguj 5/8""";ZPAN;1000076029;DESPACHADO PARCIAL;4500113010;23/1/2026;23/1/2026;27/1/2026;6/11/2025;17/10/2025;G01;10133598;ZSTO;C03
00374 TERMINAL PUNTA COLORADA;1043077;CAPUCHON PARA HIERRO P. 8/25 MM.;ZPAN;1000081978;SIN TRATAMIENTO;;;;;18/2/2026;29/1/2026;;10141660;ZSCD;C27
00374 TERMINAL PUNTA COLORADA;1046936;GUANTE LATEX NEGRO INDUSTRIAL T8 XPAR;ZPAN;1000081173;ADJUDICADO;4500118348;;;;5/2/2026;16/1/2026;374;10140556;ZSCD;C28
00374 TERMINAL PUNTA COLORADA;1047246;MAZA MINERO 2KG C/ CABO PLASTICO;ZPAN;1000081715;ADJUDICADO;4500118595;;;;13/2/2026;26/1/2026;C27;10141349;ZSCD;C27
00374 TERMINAL PUNTA COLORADA;1047247;"TIJERA CORTAPERNO 12"" (HASTA D4MM)";ZPAN;1000081173;ADJUDICADO;4500118293;;;;5/2/2026;16/1/2026;C27;10140556;ZSCD;C27
00374 TERMINAL PUNTA COLORADA;1047258;MECHA ACERO RAPIDO D12MM;ZPAN;1000081878;SIN TRATAMIENTO;;;;;17/2/2026;28/1/2026;;10141570;ZSCD;C27
00374 TERMINAL PUNTA COLORADA;1047259;MECHA ACERO RAPIDO D16MM;ZPAN;1000081878;SIN TRATAMIENTO;;;;;17/2/2026;28/1/2026;;10141570;ZSCD;C27
00374 TERMINAL PUNTA COLORADA;1047264;MECHA WIDIA SDS MAX Ø16MM 220MM;ZPAN;1000081878;SIN TRATAMIENTO;;;;;17/2/2026;28/1/2026;;10141570;ZSCD;C27
00374 TERMINAL PUNTA COLORADA;1047265;MECHA WIDIA SDS MAX Ø18MM 220MM;ZPAN;1000081878;SIN TRATAMIENTO;;;;;17/2/2026;28/1/2026;;10141570;ZSCD;C27
00374 TERMINAL PUNTA COLORADA;1047266;MECHA WIDIA SDS MAX Ø20MM 220MM;ZPAN;1000081878;SIN TRATAMIENTO;;;;;17/2/2026;28/1/2026;;10141570;ZSCD;C27
00374 TERMINAL PUNTA COLORADA;1047267;MECHA WIDIA SDS MAX Ø25MM 220MM;ZPAN;1000081878;SIN TRATAMIENTO;;;;;17/2/2026;28/1/2026;;10141570;ZSCD;C27
00374 TERMINAL PUNTA COLORADA;1047269;MECHA WIDIA SDS PLUS Ø8MM 220MM;ZPAN;1000081878;SIN TRATAMIENTO;;;;;17/2/2026;28/1/2026;;10141570;ZSCD;C27
00374 TERMINAL PUNTA COLORADA;1047270;MECHA WIDIA SDS PLUS Ø10MM 220MM;ZPAN;1000081878;SIN TRATAMIENTO;;;;;17/2/2026;28/1/2026;;10141570;ZSCD;C27
00374 TERMINAL PUNTA COLORADA;1047271;MECHA WIDIA SDS PLUS Ø12MM 220MM;ZPAN;1000081878;SIN TRATAMIENTO;;;;;17/2/2026;28/1/2026;;10141570;ZSCD;C27
00374 TERMINAL PUNTA COLORADA;1047272;MECHA WIDIA SDS PLUS Ø16MM 220MM;ZPAN;1000081878;SIN TRATAMIENTO;;;;;17/2/2026;28/1/2026;;10141570;ZSCD;C27
00374 TERMINAL PUNTA COLORADA;1047273;MECHA WIDIA SDS PLUS Ø18MM 220MM;ZPAN;1000081878;SIN TRATAMIENTO;;;;;17/2/2026;28/1/2026;;10141570;ZSCD;C27
00374 TERMINAL PUNTA COLORADA;1047274;MECHA WIDIA SDS PLUS Ø20MM 220MM;ZPAN;1000081878;SIN TRATAMIENTO;;;;;17/2/2026;28/1/2026;;10141570;ZSCD;C27
00374 TERMINAL PUNTA COLORADA;1047275;MECHA WIDIA SDS PLUS Ø25MM 220MM;ZPAN;1000081878;SIN TRATAMIENTO;;;;;17/2/2026;28/1/2026;;10141570;ZSCD;C27
00374 TERMINAL PUNTA COLORADA;1047278;MECHA WIDIA SDS MAX Ø16MM 450MM;ZPAN;1000081878;SIN TRATAMIENTO;;;;;17/2/2026;28/1/2026;;10141570;ZSCD;C27
00374 TERMINAL PUNTA COLORADA;1047279;MECHA WIDIA SDS MAX Ø18MM 450MM;ZPAN;1000081878;SIN TRATAMIENTO;;;;;17/2/2026;28/1/2026;;10141570;ZSCD;C27
00374 TERMINAL PUNTA COLORADA;1047280;MECHA WIDIA SDS MAX Ø20MM 450MM;ZPAN;1000081878;SIN TRATAMIENTO;;;;;17/2/2026;28/1/2026;;10141570;ZSCD;C27
00374 TERMINAL PUNTA COLORADA;1047281;MECHA WIDIA SDS MAX Ø25MM 450MM;ZPAN;1000081878;SIN TRATAMIENTO;;;;;17/2/2026;28/1/2026;;10141570;ZSCD;C27
00374 TERMINAL PUNTA COLORADA;1047283;MECHA WIDIA SDS PLUS Ø8MM 450MM;ZPAN;1000081878;SIN TRATAMIENTO;;;;;17/2/2026;28/1/2026;;10141570;ZSCD;C27
00374 TERMINAL PUNTA COLORADA;1047284;MECHA WIDIA SDS PLUS Ø10MM 450MM;ZPAN;1000081878;SIN TRATAMIENTO;;;;;17/2/2026;28/1/2026;;10141570;ZSCD;C27
00374 TERMINAL PUNTA COLORADA;1047285;MECHA WIDIA SDS PLUS Ø12MM 450MM;ZPAN;1000081878;SIN TRATAMIENTO;;;;;17/2/2026;28/1/2026;;10141570;ZSCD;C27
00374 TERMINAL PUNTA COLORADA;1047286;MECHA WIDIA SDS PLUS Ø16MM 450MM;ZPAN;1000081878;SIN TRATAMIENTO;;;;;17/2/2026;28/1/2026;;10141570;ZSCD;C27
00374 TERMINAL PUNTA COLORADA;1047287;MECHA WIDIA SDS PLUS Ø18MM 450MM;ZPAN;1000081878;SIN TRATAMIENTO;;;;;17/2/2026;28/1/2026;;10141570;ZSCD;C27
00374 TERMINAL PUNTA COLORADA;1047288;MECHA WIDIA SDS PLUS Ø20MM 450MM;ZPAN;1000081878;SIN TRATAMIENTO;;;;;17/2/2026;28/1/2026;;10141570;ZSCD;C27
00374 TERMINAL PUNTA COLORADA;1047289;MECHA WIDIA SDS PLUS Ø25MM 450MM;ZPAN;1000081878;SIN TRATAMIENTO;;;;;17/2/2026;28/1/2026;;10141570;ZSCD;C27
00374 TERMINAL PUNTA COLORADA;1047454;MEDIA SOMBRA NEGRA 80% XROLLO 2X50M;ZPAN;1000081598;ADJUDICADO;4500118595;;;;12/2/2026;23/1/2026;C27;10141189;ZSCD;C27
00374 TERMINAL PUNTA COLORADA;1047514;"CEPILLO DE ACERO TRENZADO P/AMOLADORA 9""";ZPAN;1000081878;SIN TRATAMIENTO;;;;;17/2/2026;28/1/2026;;10141570;ZSCD;C27
00374 TERMINAL PUNTA COLORADA;1048856;BALDE PLASTICO 12LTS.;ZPAN;1000079941;DESPACHADO;4500116164;19/1/2026;19/1/2026;23/1/2026;13/1/2026;22/12/2025;C17;10138815;ZSCD;C17
00374 TERMINAL PUNTA COLORADA;1049535;GUANTES LATEX TALLE L;ZPAN;1000081173;ADJUDICADO;4500118321;;;;5/2/2026;16/1/2026;374;10140556;ZSSD;C17
00374 TERMINAL PUNTA COLORADA;1049668;TORNILLO;ZPAN;1000081472;ADJUDICADO;4500118391;;;;4/2/2026;21/1/2026;C03;10141016;ZSTO;C03
00374 TERMINAL PUNTA COLORADA;1049669;TUERCA DE SEGURIDAD;ZPAN;1000081472;ADJUDICADO;4500118391;;;;4/2/2026;21/1/2026;C03;10141016;ZSTO;C03
00374 TERMINAL PUNTA COLORADA;1049670;DIENTE CORTE IZQUIERDO;ZPAN;1000081472;RECEPCIONADO PARCIAL;4500118169;;;;4/2/2026;21/1/2026;C03;10141016;ZSTO;C03
00374 TERMINAL PUNTA COLORADA;1049671;DIENTE CORTE DERECHO;ZPAN;1000081472;RECEPCIONADO PARCIAL;4500118169;;;;4/2/2026;21/1/2026;C03;10141016;ZSTO;C03
00375 YPF OLEODUCTO PR-LP;1001687;ANTEOJO INCOLORO ECOLINEHC;ZPAS;1000080942;PICKEADO PARCIAL;;;;;2/2/2026;13/1/2026;;;ZSTO;C28
00375 YPF OLEODUCTO PR-LP;1001726;SUSPENSION CREMALLERA;ZPAS;1000081287;PICKEADO PARCIAL;;;;;6/2/2026;19/1/2026;;;ZSTO;C28
00375 YPF OLEODUCTO PR-LP;1001775;ESLINGA SINTETICA 8MTS 6TN CERTIFICADA;SIN PEDIDO;;;;;;;;;;;ZSTO;C13
00375 YPF OLEODUCTO PR-LP;1001776;ESLINGA SINTETICA 3MTS 3TN CERTIFICADA;ZPAS;1000081981;SIN TRATAMIENTO;;;;;18/2/2026;29/1/2026;;;ZSTO;C13
00375 YPF OLEODUCTO PR-LP;1001951;CANDADO 50MM XUN;ZPAS;1000081599;SIN TRATAMIENTO;;;;;12/2/2026;23/1/2026;;;ZSTO;C13
00375 YPF OLEODUCTO PR-LP;1001958;CINTA TEFLON 1/2 X 20MT;ZPAS;1000081981;SIN TRATAMIENTO;;;;;18/2/2026;29/1/2026;;;ZSTO;C13
00375 YPF OLEODUCTO PR-LP;1001968;ESMALTE SINT. AEROSOL AMARILLO X440CC;ZPAS;1000081717;PICKEADO PARCIAL;;;;;13/2/2026;26/1/2026;;;ZSTO;C22
00375 YPF OLEODUCTO PR-LP;1001971;ESMALTE SINT. AEROSOL ROJO X 440CC;ZPAS;1000081981;SIN TRATAMIENTO;;;;;18/2/2026;29/1/2026;;;ZSTO;C22
00375 YPF OLEODUCTO PR-LP;1002203;CORREA POLI-V;ZPAS;1000081981;SIN TRATAMIENTO;;;;;18/2/2026;29/1/2026;;;ZSTO;C03
00375 YPF OLEODUCTO PR-LP;1003082;FILTRO AIRE MB SPRINTER;ZPAS;1000081860;PICKEADO PARCIAL;;;;;16/2/2026;27/1/2026;;;ZSTO;F04
00375 YPF OLEODUCTO PR-LP;1003083;FILTRO DE COMBUSTIBLE;ZPAS;1000081860;PICKEADO PARCIAL;;;;;16/2/2026;27/1/2026;;;ZSTO;F06
00375 YPF OLEODUCTO PR-LP;1003084;FILTRO HABITACULO MB SPRINTER;ZPAS;1000081860;PICKEADO PARCIAL;;;;;16/2/2026;27/1/2026;;;ZSTO;F05
00375 YPF OLEODUCTO PR-LP;1003085;FILTRO ACEITE MOTOR;ZPAS;1000081860;PICKEADO PARCIAL;;;;;16/2/2026;27/1/2026;;;ZSTO;F03
00375 YPF OLEODUCTO PR-LP;1003651;PASTILLAS DE FRENO;ZPAS;1000081981;SIN TRATAMIENTO;;;;;18/2/2026;29/1/2026;;;ZSTO;C29
00375 YPF OLEODUCTO PR-LP;1009533;CINTA ENMASCARAR PAPEL 24MM AUCA  XROLLO;ZPAN;1000081719;ADJUDICADO;4500118780;;;;13/2/2026;26/1/2026;C27;10141351;ZSTO;C13
00375 YPF OLEODUCTO PR-LP;1013681;MAMELUCO IGNIFUGO T.XL C/LOGO;ZPAN;1000078203;SIN TRATAMIENTO;;;;;12/12/2025;21/11/2025;;10136507;ZSSD;C28
00375 YPF OLEODUCTO PR-LP;1015789;DETERGENTE X 5 LTS;ZPAN;1000081018;ADJUDICADO;4500118091;;;;3/2/2026;14/1/2026;C17;10140353;ZSSD;C17
00375 YPF OLEODUCTO PR-LP;1016284;CASCO CARCAZA ROJO;SIN PEDIDO;;;;;;;;;;;ZSSD;C28
00375 YPF OLEODUCTO PR-LP;1016920;SOGA NAUTICA 12MM;ZPAN;1000080720;SIN TRATAMIENTO;;;;;29/1/2026;9/1/2026;;10139959;ZSSD;C13
00375 YPF OLEODUCTO PR-LP;1016928;FRATACHO PLASTICO C GOMA ESPUMA 30CM;ZPAN;1000081600;ADJUDICADO;4500118780;;;;12/2/2026;23/1/2026;C27;10141190;ZSSD;C13
00375 YPF OLEODUCTO PR-LP;1016935;MARTILLO GALPONERO CABO PLASTICO;ZPAN;1000081600;SIN TRATAMIENTO;;;;;12/2/2026;23/1/2026;;10141190;ZSSD;C13
00375 YPF OLEODUCTO PR-LP;1016955;SOGA NAUTICA 10MM;ZPAN;1000081600;SIN TRATAMIENTO;;;;;12/2/2026;23/1/2026;;10141190;ZSSD;C13
00375 YPF OLEODUCTO PR-LP;1016983;CUCHARA ALBANIL FORJADA 7PG;ZPAN;1000081522;ADJUDICADO;4500118780;;;;11/2/2026;22/1/2026;C27;10141092;ZSSD;C13
00375 YPF OLEODUCTO PR-LP;1017098;AGROPOL 100 MIC 4X50 MTS;ZPAN;1000081719;SIN TRATAMIENTO;;;;;13/2/2026;26/1/2026;;10141351;ZSSD;C13
00375 YPF OLEODUCTO PR-LP;1017110;MATAFUEGO ABC X10KG;ZPAN;1000081169;PICKEADO;4500118148;29/1/2026;29/1/2026;;5/2/2026;16/1/2026;C28;10140550;ZSSD;C28
00375 YPF OLEODUCTO PR-LP;1017936;PALA ANCHA FORJADA CABO MADERA Y METAL X;ZPAN;1000078203;SIN TRATAMIENTO;;;;;12/12/2025;21/11/2025;;10136507;ZSSD;C27
00375 YPF OLEODUCTO PR-LP;1017937;PALA CORAZON FORJADA CABO MADERA Y METAL;ZPAN;1000078203;SIN TRATAMIENTO;;;;;12/12/2025;21/11/2025;;10136507;ZSSD;C27
00375 YPF OLEODUCTO PR-LP;1017974;LIMPIACONTACTOS EN AEROSOL;ZPAS;1000081717;PICKEADO;;;28/1/2026;;13/2/2026;26/1/2026;;;ZSTO;C17
0376 VELADERO FASE 8B /SAN JUAN;1001787;ACEITE ISO 68 HIDRAULICO X 205L;ZPAS;1000080858;EMBALADO PARCIAL;;;26/1/2026;;30/1/2026;12/1/2026;;;ZSTO;L01
0376 VELADERO FASE 8B /SAN JUAN;1001836;ORING FINO P NEUMATICO 17.5-25;ZPAS;1000080596;CUMPLIDO PARCIAL;;;16/1/2026;16/1/2026;28/1/2026;8/1/2026;;;ZSTO;C47
0376 VELADERO FASE 8B /SAN JUAN;1001894;ALCOHOL EN GEL X LITRO;ZPAS;1000081388;PICKEADO PARCIAL;;;;;9/2/2026;20/1/2026;;;ZSTO;C17
0376 VELADERO FASE 8B /SAN JUAN;1001973;ESMALTE SINT. AEROSOL AZUL X440CC;ZPAS;1000081388;PICKEADO PARCIAL;;;;;9/2/2026;20/1/2026;;;ZSTO;C22
0376 VELADERO FASE 8B /SAN JUAN;1002079;BOTIN ALTA MONT MAR/NEG P METAL N45;ZPAS;1000080596;CUMPLIDO PARCIAL;;;16/1/2026;16/1/2026;6/2/2026;8/1/2026;;;ZSTO;C28
0376 VELADERO FASE 8B /SAN JUAN;1002082;BOTIN ALTA MONT MAR/NEG P METAL N43;ZPAS;1000080941;CUMPLIDO PARCIAL;;;20/1/2026;20/1/2026;2/2/2026;13/1/2026;;;ZSTO;C28
0376 VELADERO FASE 8B /SAN JUAN;1002302;BRAZO ESCARIFICADOR CAT;ZPAS;1000081720;PICKEADO PARCIAL;;;;;13/2/2026;26/1/2026;;;ZSTO;G03
0376 VELADERO FASE 8B /SAN JUAN;1002734;FILTRO AIRE SECUNDARIO;ZPAS;1000081077;SIN TRATAMIENTO;;;;;4/2/2026;15/1/2026;;;ZSTO;F04
0376 VELADERO FASE 8B /SAN JUAN;1003010;FILTRO DE AIRE PRIMARIO;ZPAS;1000080941;SIN TRATAMIENTO;;;;;2/2/2026;13/1/2026;;;ZSTO;F04
0376 VELADERO FASE 8B /SAN JUAN;1003011;FILTRO DE AIRE SECUNDARIO;ZPAS;1000080941;SIN TRATAMIENTO;;;;;2/2/2026;13/1/2026;;;ZSTO;F04
0376 VELADERO FASE 8B /SAN JUAN;1003095;FILTRO TRAMPA DE AGUA COMBUSTIBLE;ZPAS;1000080858;CUMPLIDO PARCIAL;;;16/1/2026;16/1/2026;30/1/2026;12/1/2026;;;ZSTO;F13
0376 VELADERO FASE 8B /SAN JUAN;1003096;FILTRO DE AIRE TANQUE DE COMBUSTIBLE;ZPAS;1000080163;CUMPLIDO PARCIAL;;;30/12/2025;2/1/2026;31/1/2026;28/12/2025;;;ZSTO;F06
0376 VELADERO FASE 8B /SAN JUAN;1003126;FILTRO SECADO DE AIRE;ZPAS;1000081450;PICKEADO PARCIAL;;;;;10/2/2026;21/1/2026;;;ZSTO;F11
0376 VELADERO FASE 8B /SAN JUAN;1003171;FILTRO DE AIRE SECUNDARIO;ZPAS;1000080182;CUMPLIDO PARCIAL;;;5/1/2026;6/1/2026;31/1/2026;29/12/2025;;;ZSTO;F04
0376 VELADERO FASE 8B /SAN JUAN;1003264;FILTRO DE AIRE PRIMARIO;ZPAS;1000080941;SIN TRATAMIENTO;;;;;2/2/2026;13/1/2026;;;ZSTO;F04
0376 VELADERO FASE 8B /SAN JUAN;1003302;FILTRO ACEITE CAJA DE CAMBIO;ZPAS;1000081603;PICKEADO PARCIAL;;;;;12/2/2026;23/1/2026;;;ZSTO;F03
0376 VELADERO FASE 8B /SAN JUAN;1003360;FILTRO A A CABINA EXTERIOR;ZPAS;1000080163;CUMPLIDO PARCIAL;;;30/12/2025;2/1/2026;31/1/2026;28/12/2025;;;ZSTO;F10
0376 VELADERO FASE 8B /SAN JUAN;1003404;45MM BULON MAZA DELANTERA;ZPAS;1000081720;PICKEADO PARCIAL;;;;;13/2/2026;26/1/2026;;;ZSTO;C29
0376 VELADERO FASE 8B /SAN JUAN;1004311;ACEITE SAE 80W90 X 20LT;ZPAS;1000080278;CUMPLIDO PARCIAL;;;5/1/2026;6/1/2026;6/2/2026;31/12/2025;;;ZSTO;C29
0376 VELADERO FASE 8B /SAN JUAN;1016437;Inyector bomba;ZPAS;1000081881;SIN TRATAMIENTO;;;;;17/2/2026;28/1/2026;;;ZSTO;C29
0376 VELADERO FASE 8B /SAN JUAN;1016438;NEUMATICO 17.5 R25 MINERA SUELO ROCOSO;ZPAS;1000081720;SIN TRATAMIENTO;;;;;13/2/2026;26/1/2026;;;ZSTO;C50
0376 VELADERO FASE 8B /SAN JUAN;1016448;CORREA ALTERNADOR;ZPAS;1000080163;EMBALADO PARCIAL;;;27/1/2026;;31/1/2026;28/12/2025;;;ZSTO;C29
0376 VELADERO FASE 8B /SAN JUAN;1016494;CASCO CARCAZA GRIS;ZPAS;1000075510;DESPACHADO;;;8/10/2025;8/10/2025;22/10/2025;8/10/2025;;;ZSSD;C28
0376 VELADERO FASE 8B /SAN JUAN;1016939;DESODORANTE LIQUIDO P PISO X5LT;ZPAN;1000081021;PICKEADO;4500118423;28/1/2026;28/1/2026;;3/2/2026;14/1/2026;C17;10140354;ZSSD;C17
0376 VELADERO FASE 8B /SAN JUAN;1017018;MINAS 0.5MM 2B X12;ZPAN;1000081292;PICKEADO;4500118143;28/1/2026;28/1/2026;;6/2/2026;19/1/2026;C17;10140717;ZSSD;C17
0376 VELADERO FASE 8B /SAN JUAN;1017113;LINTERNA RECARGABLE 220V;SIN PEDIDO;;;;;;;;;;;ZSSD;C28
0376 VELADERO FASE 8B /SAN JUAN;1017809;CORREA POLI-V;ZPAN;1000081078;DESPACHADO;4500117689;21/1/2026;21/1/2026;28/1/2026;4/2/2026;15/1/2026;C29;10140449;ZSSD;C29
0376 VELADERO FASE 8B /SAN JUAN;1017948;Conjunto Respiradero;ZPAS;1000081077;SIN TRATAMIENTO;;;;;4/2/2026;15/1/2026;;;ZSTO;F04
0376 VELADERO FASE 8B /SAN JUAN;1022634;CARTUCHO DE TINTA;ZPAN;1000081387;SIN TRATAMIENTO;;;;;9/2/2026;20/1/2026;;10140825;ZSSD;C05
0376 VELADERO FASE 8B /SAN JUAN;1022874;CUCHILLA CENTRAL;ZPAN;1000080584;ADJUDICADO;4500117221;;;;28/1/2026;8/1/2026;C03;10139834;ZSTO;C03
0376 VELADERO FASE 8B /SAN JUAN;1026078;LAMPARA 12V-H11 55W X UN;ZPAS;1000081450;PICKEADO PARCIAL;;;;;10/2/2026;21/1/2026;;;ZSTO;C03
0376 VELADERO FASE 8B /SAN JUAN;1026309;TOPE DE PUERTA;ZPAN;1000081167;ADJUDICADO;4500118122;;;;5/2/2026;16/1/2026;C03;10140549;ZSTO;C03
0376 VELADERO FASE 8B /SAN JUAN;1026903;CORTA CORRIENTE;ZPAN;1000080722;DESPACHADO;4500117456;21/1/2026;21/1/2026;28/1/2026;29/1/2026;9/1/2026;C03;10139961;ZSTO;C03
0376 VELADERO FASE 8B /SAN JUAN;1033415;FILTRO HIDRAULICO;ZPAS;1000079761;EMBALADO PARCIAL;;;27/1/2026;;31/1/2026;17/12/2025;;;ZSTO;F03
0376 VELADERO FASE 8B /SAN JUAN;1033416;FILTRO DE VENTEO;ZPAS;1000079761;EMBALADO PARCIAL;;;27/1/2026;;31/1/2026;17/12/2025;;;ZSTO;C29
0376 VELADERO FASE 8B /SAN JUAN;1049380;CORREA BOMBA DE AGUA;ZPAN;1000081078;ADJUDICADO;4500117949;;;;4/2/2026;15/1/2026;C03;10140449;ZSTO;C03
0376 VELADERO FASE 8B /SAN JUAN;1049434;FILTRO TANQUE DE UREA;ZPAN;1000081078;EMBALADO;4500118124;23/1/2026;23/1/2026;;4/2/2026;15/1/2026;F05;10140449;ZSTO;C03
